<?xml version="1.0" encoding="UTF-8"?>
<root>
  <item name="me.relex.circleindicator.CircleIndicator void addIndicator(int, android.animation.Animator) 0">
    <annotation name="android.support.annotation.DrawableRes" />
  </item>
  <item name="me.relex.circleindicator.CircleIndicator void configureIndicator(int, int, int, int, int, int, int) 3">
    <annotation name="android.support.annotation.AnimatorRes" />
  </item>
  <item name="me.relex.circleindicator.CircleIndicator void configureIndicator(int, int, int, int, int, int, int) 4">
    <annotation name="android.support.annotation.AnimatorRes" />
  </item>
  <item name="me.relex.circleindicator.CircleIndicator void configureIndicator(int, int, int, int, int, int, int) 5">
    <annotation name="android.support.annotation.DrawableRes" />
  </item>
  <item name="me.relex.circleindicator.CircleIndicator void configureIndicator(int, int, int, int, int, int, int) 6">
    <annotation name="android.support.annotation.DrawableRes" />
  </item>
</root>

